name,display_name,journal_id,abbrev_flag
A.I.P.P.I.,AIPPI,JOURNAL-FN6JQY,0
AIPPI,AIPPI,JOURNAL-FN6JQY,1
NBL,NBL,JOURNAL-MX0LZ9,0
アメリカ法,米法,JOURNAL-BIA5NK,0
米法,米法,JOURNAL-BIA5NK,1
エコノミスト,エコノミスト,JOURNAL-LOZQL4,0
ケース研究,ケ研,JOURNAL-17XZB0,0
ケ研,ケ研,JOURNAL-17XZB0,1
コピライト,コピ,JOURNAL-H6I07I,0
コピ,コピ,JOURNAL-H6I07I,1
シュトイエル,シュト,JOURNAL-6YNLTW,0
シュト,シュト,JOURNAL-6YNLTW,1
ジュリスト,ジュリ,JOURNAL-T5N70V,0
ジュリ,ジュリ,JOURNAL-T5N70V,1
パテント,パテ,JOURNAL-1Z4Z74,0
パテ,パテ,JOURNAL-1Z4Z74,1
みんけん,民研,JOURNAL-3DSOHR,0
民研,民研,JOURNAL-3DSOHR,1
レファレンス,レファ,JOURNAL-E258SA,0
レファ,レファ,JOURNAL-E258SA,1
下級裁判所刑事裁判例集,下刑集,JOURNAL-AUNTSC,0
下刑,下刑集,JOURNAL-AUNTSC,1
下刑集,下刑集,JOURNAL-AUNTSC,1
下級裁判所民事裁判例集,下民集,JOURNAL-0RNCWF,0
下民,下民集,JOURNAL-0RNCWF,1
下民集,下民集,JOURNAL-0RNCWF,1
不動産法律セミナー,不セ,JOURNAL-VWS8IN,0
不セ,不セ,JOURNAL-VWS8IN,1
不動産鑑定,鑑定,JOURNAL-6CAUNQ,0
鑑定,鑑定,JOURNAL-6CAUNQ,1
不当労働行為事件命令集,命令集,JOURNAL-KGVTX1,0
命令集,命令集,JOURNAL-KGVTX1,1
不法行為に関する下級裁判所民事裁判例集,不法下民集,JOURNAL-5ZDW24,0
不法下民,不法下民集,JOURNAL-5ZDW24,1
不法下民集,不法下民集,JOURNAL-5ZDW24,1
主要民事判例解説,主判解,JOURNAL-UBRMYL,0
主判解,主判解,JOURNAL-UBRMYL,1
交通事故による不法行為に関する下級裁判所民事裁判例集,交通下民,JOURNAL-VH9XX6,0
交通下民,交通下民,JOURNAL-VH9XX6,1
交通事故民事裁判例集,交民集,JOURNAL-D07AGT,0
交民,交民集,JOURNAL-D07AGT,1
交民集,交民集,JOURNAL-D07AGT,1
交通民集,交民集,JOURNAL-D07AGT,1
交通法研究,交通,JOURNAL-EXHXEU,0
交通,交通,JOURNAL-EXHXEU,1
人事院月報,人月,JOURNAL-OY71TX,0
人月,人月,JOURNAL-OY71TX,1
人権のひろば,人権,JOURNAL-G1JDRI,0
人権,人権,JOURNAL-G1JDRI,1
企業会計,企会,JOURNAL-TE31LR,0
企会,企会,JOURNAL-TE31LR,1
企業法研究,企法,JOURNAL-YWGG8C,0
企法,企法,JOURNAL-YWGG8C,1
保育情報,保育情報,JOURNAL-A7VHSC,0
信託,信託,JOURNAL-SFHCS5,0
信託法研究,信研,JOURNAL-JNZXX8,0
信研,信研,JOURNAL-JNZXX8,1
公害等調整委員会,公害等調整委員会,JOURNAL-VMRM7Z,0
公害紛争処理白書,公害紛争処理白書,JOURNAL-7FMJFJ,0
公害紛争処理白書平成元年版,公害紛争処理白書,JOURNAL-7FMJFJ,0
公正取引委員会審決集,審決集,JOURNAL-RFMQGA,0
審決集,審決集,JOURNAL-RFMQGA,1
公正取引委員会排除命令集,公取排命集,JOURNAL-V2BKJC,0
公取排命集,公取排命集,JOURNAL-V2BKJC,1
排命集,公取排命集,JOURNAL-V2BKJC,1
排除命令集,公取排命集,JOURNAL-V2BKJC,1
公法研究,公法,JOURNAL-XCC83D,0
公法,公法,JOURNAL-XCC83D,1
公益法人,公益,JOURNAL-XCBD8E,0
公益,公益,JOURNAL-XCBD8E,1
公証,公証,JOURNAL-3DNBH6,0
公証法学,公証法,JOURNAL-N2L4DX,0
公証法,公証法,JOURNAL-N2L4DX,1
刑事裁判月報,刑月,JOURNAL-MZ5PGA,0
刑月,刑月,JOURNAL-MZ5PGA,1
刑事裁判資料,刑資,JOURNAL-RSPNPG,0
刑資,刑資,JOURNAL-RSPNPG,1
刑政,刑政,JOURNAL-WEYS7J,0
刑法雑誌,刑法,JOURNAL-XRGLK4,0
刑法,刑法,JOURNAL-XRGLK4,1
判例セレクト,セレクト,JOURNAL-70ZH08,0
セレクト,セレクト,JOURNAL-70ZH08,1
判例タイムズ,判タ,JOURNAL-6GQMX4,0
判タ,判タ,JOURNAL-6GQMX4,1
判例体系,体系,JOURNAL-PE751V,0
体系,体系,JOURNAL-PE751V,1
判例地方自治,判自,JOURNAL-K59AGI,0
判自,判自,JOURNAL-K59AGI,1
判例自治,判自,JOURNAL-K59AGI,1
地方自治,判自,JOURNAL-K59AGI,1
判例工業所有権法,判工,JOURNAL-970JUV,0
判工,判工,JOURNAL-970JUV,1
判例工業所有権法第2期版,判工第2期版,JOURNAL-0BB1UN,0
判例工業所有権法2期版,判工第2期版,JOURNAL-0BB1UN,0
判例工業所有権法2期,判工第2期版,JOURNAL-0BB1UN,0
判例工業所有権法（第2期版）,判工第2期版,JOURNAL-0BB1UN,0
判例工業所有権法（2期版）,判工第2期版,JOURNAL-0BB1UN,0
判例工業所有権法（2期）,判工第2期版,JOURNAL-0BB1UN,0
判工第2期版,判工第2期版,JOURNAL-0BB1UN,1
判工2期版,判工第2期版,JOURNAL-0BB1UN,1
判工2期,判工第2期版,JOURNAL-0BB1UN,1
判工（第2期版）,判工第2期版,JOURNAL-0BB1UN,1
判工（2期版）,判工第2期版,JOURNAL-0BB1UN,1
判工（2期）,判工第2期版,JOURNAL-0BB1UN,1
判例時報,判時,JOURNAL-VE0C9D,0
判時,判時,JOURNAL-VE0C9D,1
判例時報臨時増刊,判時臨増,JOURNAL-0781DH,0
判例時報臨増,判時臨増,JOURNAL-0781DH,1
判時臨増,判時臨増,JOURNAL-0781DH,1
判例評論,判評,JOURNAL-V0NZZL,0
判評,判評,JOURNAL-V0NZZL,1
判例集未登載,判例集未登載,JOURNAL-TG29T3,0
判例集未掲載,判例集未登載,JOURNAL-TG29T3,0
中央労働時報,中労時報,JOURNAL-2M6646,0
中労時,中労時報,JOURNAL-2M6646,1
中労時報,中労時報,JOURNAL-2M6646,1
別冊中央労働時報,別冊中労時報,JOURNAL-4IV9GT,0
別冊中労時,別冊中労時報,JOURNAL-4IV9GT,1
別冊中労時報,別冊中労時報,JOURNAL-4IV9GT,1
労働法律旬報,労旬,JOURNAL-XWG956,0
労旬,労旬,JOURNAL-XWG956,1
別冊労働法律旬報,労旬別冊,JOURNAL-S4YJLL,0
労働法律旬報別冊,労旬別冊,JOURNAL-S4YJLL,0
労旬別冊,労旬別冊,JOURNAL-S4YJLL,1
労働保険審査会裁決集,労働保険審査会裁決集,JOURNAL-S9NVXW,0
労働判例カード,労判カード,JOURNAL-F73C7D,0
労判カード,労判カード,JOURNAL-F73C7D,1
労働判例,労判,JOURNAL-6I9I7L,0
労判,労判,JOURNAL-6I9I7L,1
労働判例ジャーナル,労ジャ,JOURNAL-J6QAJH,0
労判ジャーナル,労ジャ,JOURNAL-J6QAJH,1
ジャーナル,労ジャ,JOURNAL-J6QAJH,1
労ジャ,労ジャ,JOURNAL-J6QAJH,1
労判ジャ,労ジャ,JOURNAL-J6QAJH,1
労働委員会関係裁判例集,労働委員会関係裁判例集,JOURNAL-PFE5OZ,0
労働経済判例速報,労経速,JOURNAL-L5RONV,0
労経速,労経速,JOURNAL-L5RONV,1
労経速報,労経速,JOURNAL-L5RONV,1
労働関係刑事事件判例集,労刑決,JOURNAL-MPSMYG,0
労働関係刑事事件判決集,労刑決,JOURNAL-MPSMYG,0
労刑決,労刑決,JOURNAL-MPSMYG,1
労働関係刑事裁判資料,労裁刑資,JOURNAL-RXB1PB,0
労裁刑資,労裁刑資,JOURNAL-RXB1PB,1
労働関係民事事件裁判集,労裁集,JOURNAL-F7WT57,0
労裁,労裁集,JOURNAL-F7WT57,1
労裁集,労裁集,JOURNAL-F7WT57,1
労働関係民事行政裁判資料,労裁資,JOURNAL-D66ADV,0
労裁資,労裁資,JOURNAL-D66ADV,1
労働関係民事裁判例集,労民集,JOURNAL-LAF6WH,0
労民,労民集,JOURNAL-LAF6WH,1
労民集,労民集,JOURNAL-LAF6WH,1
医療過誤民事裁判例集,医療過誤民事裁判例集,JOURNAL-TPVVWP,0
受験新報,受新,JOURNAL-SG5QOT,0
受新,受新,JOURNAL-SG5QOT,1
司法研修所論集,司研,JOURNAL-YS44LW,0
司研,司研,JOURNAL-YS44LW,1
商事法務,商事法務,JOURNAL-CK9TIX,0
旬刊商事法務,商事法務,JOURNAL-CK9TIX,0
商事,商事法務,JOURNAL-CK9TIX,1
国税徴収関係判例集,国税例集,JOURNAL-X6DJ9N,0
国税例集,国税例集,JOURNAL-X6DJ9N,1
国立国会図書館月報,図月,JOURNAL-XKJLUE,0
図月,図月,JOURNAL-XKJLUE,1
国際商事法務,際商,JOURNAL-OHK3ZM,0
際商,際商,JOURNAL-OHK3ZM,1
国際政治,際政,JOURNAL-L9818K,0
際政,際政,JOURNAL-L9818K,1
国際法外交雑誌,国際,JOURNAL-WAWR88,0
国際,国際,JOURNAL-WAWR88,1
国際私法関係事件裁判例集,国際私法関係事件裁判例集,JOURNAL-MIIIK3,0
地方公務員人事判定集,地方公務員人事判定集,JOURNAL-P7YATD,0
地方自治職員研修,職研,JOURNAL-MHJB11,0
職研,職研,JOURNAL-MHJB11,1
外国の立法,外法,JOURNAL-NT0J4L,0
外法,外法,JOURNAL-NT0J4L,1
大審院刑事判決抄録,刑抄録,JOURNAL-VYK59G,0
刑抄録,刑抄録,JOURNAL-VYK59G,1
大審院刑事判決録,刑録,JOURNAL-QD4ARD,0
刑録,刑録,JOURNAL-QD4ARD,1
大審院判決全集,判決全集,JOURNAL-XZACLI,0
判決全集,判決全集,JOURNAL-XZACLI,1
大審院民事判決抄録,民抄録,JOURNAL-HC25PW,0
民抄録,民抄録,JOURNAL-HC25PW,1
大審院民事判決録,民録,JOURNAL-G67687,0
民録,民録,JOURNAL-G67687,1
大審院裁判例,大審院裁判例,JOURNAL-GZK2D8,0
大審院裁判例（法律新聞別冊）,大審院裁判例,JOURNAL-GZK2D8,0
裁判例,大審院裁判例,JOURNAL-GZK2D8,1
大本七十年史編纂会・第2次大本教事件に関する資料（二）,大本七十年史編纂会・第2次大本教事件に関する資料（二）,JOURNAL-8WD6PG,0
季刊不動産研究,不研,JOURNAL-U3X12M,0
不研,不研,JOURNAL-U3X12M,1
季刊人事行政,季人,JOURNAL-YFVU2L,0
季人,季人,JOURNAL-YFVU2L,1
季刊債権管理,債管,JOURNAL-2DNEA1,0
債管,債管,JOURNAL-2DNEA1,1
季刊刑事弁護,刑弁,JOURNAL-NZEN1M,0
刑弁,刑弁,JOURNAL-NZEN1M,1
季刊労働法,季労,JOURNAL-7LSFDY,0
季労,季労,JOURNAL-7LSFDY,1
季刊教育法,季教,JOURNAL-KOK4J1,0
季教,季教,JOURNAL-KOK4J1,1
学校事故・学生処分判例集,学校事故・学生処分判例集,JOURNAL-LB3ZMS,0
官報,官報,JOURNAL-EQPP3C,0
家庭の法と裁判,家判,JOURNAL-458KZ7,0
家判,家判,JOURNAL-458KZ7,1
家庭裁判所月報,家裁月報,JOURNAL-KER9XH,0
家裁月報,家裁月報,JOURNAL-KER9XH,1
家庭裁判月報,家月,JOURNAL-NF0YEZ,0
家月,家月,JOURNAL-NF0YEZ,1
家族〈社会と法〉,家族,JOURNAL-M6JSJC,0
家族,家族,JOURNAL-M6JSJC,1
審決公報,審決公報,JOURNAL-TPTMHZ,0
審決取消訴訟判決集,取消集,JOURNAL-N0U43D,0
取消集,取消集,JOURNAL-N0U43D,1
小関敏正「不正競業法判例集」［1967］,不競判,JOURNAL-NPS4ZD,0
不競判,不競判,JOURNAL-NPS4ZD,1
工業所有権法学会年報,工所法,JOURNAL-YG1PZC,0
工所法,工所法,JOURNAL-YG1PZC,1
年報医事法学,医事法,JOURNAL-UBPZBS,0
医事法,医事法,JOURNAL-UBPZBS,1
愛知学院大学宗教法制研究所紀要,愛知学院大学宗教法制研究所紀要,JOURNAL-F2J286,0
憲法問題,憲問,JOURNAL-M5EUVB,0
憲問,憲問,JOURNAL-M5EUVB,1
戸籍時報,戸時,JOURNAL-E9AEHI,0
戸時,戸時,JOURNAL-E9AEHI,1
手形研究,手形研究,JOURNAL-4M936E,0
控訴院上告刑事判例集,控上刑,JOURNAL-DX51N6,0
控上刑,控上刑,JOURNAL-DX51N6,1
控訴院上告民事判例集,控上民,JOURNAL-62QXZP,0
控上民,控上民,JOURNAL-62QXZP,1
推計の合理性に関する裁判例集成,推計裁集,JOURNAL-YJ9KPR,0
推計裁集,推計裁集,JOURNAL-YJ9KPR,1
損保企画,損保企画,JOURNAL-IV6WWQ,0
損害保険研究,損保,JOURNAL-KEBUHA,0
損保,損保,JOURNAL-KEBUHA,1
損保研究,損保,JOURNAL-KEBUHA,1
教職員人事関係裁判例集,教職員人事関係裁判例集,JOURNAL-6ZDWSO,0
教育裁判判例集Ⅱ,教育裁判判例集2,JOURNAL-G2PI8Z,0
教育裁判判例集II,教育裁判判例集2,JOURNAL-G2PI8Z,0
教育裁判判例集2,教育裁判判例集2,JOURNAL-G2PI8Z,0
新聞研究,新研,JOURNAL-JM6Y85,0
新研,新研,JOURNAL-JM6Y85,1
日仏法学,日仏,JOURNAL-O4YXJH,0
日仏,日仏,JOURNAL-O4YXJH,1
日本不動産学会誌,日不,JOURNAL-C2MUXS,0
日不,日不,JOURNAL-C2MUXS,1
日本労働法学会誌,学会誌労働法,JOURNAL-4BPT74,0
労働,学会誌労働法,JOURNAL-4BPT74,1
学会誌労働法,学会誌労働法,JOURNAL-4BPT74,1
日本労働研究雑誌,労研,JOURNAL-1JW3V4,0
労研,労研,JOURNAL-1JW3V4,1
日本国際経済法学会年報,国経法,JOURNAL-AXX5I5,0
国経法,国経法,JOURNAL-AXX5I5,1
日本政治裁判史録（昭和・前）,日本政治裁判史録（昭和・前）,JOURNAL-SNOQMZ,0
日本教育法学会年報,教法,JOURNAL-D36T23,0
教法,教法,JOURNAL-D36T23,1
日本経済法学会年報,経法,JOURNAL-FNY0MH,0
経法,経法,JOURNAL-FNY0MH,1
日本音楽著作権協会会報,日本音楽著作権協会会報,JOURNAL-2O2XK4,0
時の法令,時法,JOURNAL-MNCE9Q,0
時法,時法,JOURNAL-MNCE9Q,1
更生保護,更生,JOURNAL-FH8X8B,0
更生,更生,JOURNAL-FH8X8B,1
更生保護と犯罪予防,更犯,JOURNAL-SMEO68,0
更犯,更犯,JOURNAL-SMEO68,1
書研所報,書研,JOURNAL-B9JN9L,0
書研,書研,JOURNAL-B9JN9L,1
最新著作権関係判例集,著判,JOURNAL-M2XAD8,0
著判,著判,JOURNAL-M2XAD8,1
最高裁判所・高等裁判所民事判例要旨集,最高民要旨,JOURNAL-BJ4BPY,0
最高民要旨,最高民要旨,JOURNAL-BJ4BPY,1
最高裁判所刑事判例集,刑集,JOURNAL-AL9B7Z,0
大審院刑事判例集,刑集,JOURNAL-AL9B7Z,0
刑集,刑集,JOURNAL-AL9B7Z,1
最高裁判所民事判例集,民集,JOURNAL-SKVVDJ,0
大審院民事判例集,民集,JOURNAL-SKVVDJ,0
民集,民集,JOURNAL-SKVVDJ,1
最高裁判所裁判集（刑事）要旨集,最刑要旨,JOURNAL-DWWSE5,0
最刑要旨,最刑要旨,JOURNAL-DWWSE5,1
最高裁判所裁判集（民事）要旨集,最民要旨,JOURNAL-WIGYTZ,0
最民要旨,最民要旨,JOURNAL-WIGYTZ,1
最高裁判所裁判集刑事,集刑,JOURNAL-UT23P7,0
裁判集刑,集刑,JOURNAL-UT23P7,1
裁判集刑事,集刑,JOURNAL-UT23P7,1
集刑,集刑,JOURNAL-UT23P7,1
最高裁判所裁判集民事,集民,JOURNAL-HVNCXG,0
裁判集民,集民,JOURNAL-HVNCXG,1
裁判集民事,集民,JOURNAL-HVNCXG,1
集民,集民,JOURNAL-HVNCXG,1
月刊生徒指導,月刊生徒指導,JOURNAL-VDHZFG,0
月刊監査役,監査,JOURNAL-63LM8N,0
監査,監査,JOURNAL-63LM8N,1
朝鮮高等法院判決録,朝高録,JOURNAL-3OPVMD,0
朝高録,朝高録,JOURNAL-3OPVMD,1
東京高等裁判所判決時報　刑事,東高刑時報,JOURNAL-IY9LGB,0
東京高等裁判所判決時報刑事,東高刑時報,JOURNAL-IY9LGB,0
東京高等裁判所刑事判決時報,東高刑時報,JOURNAL-IY9LGB,0
東京高等裁判所（刑事）判決時報,東高刑時報,JOURNAL-IY9LGB,0
東高刑時報,東高刑時報,JOURNAL-IY9LGB,1
東高刑集時報,東高刑時報,JOURNAL-IY9LGB,1
東京高刑時報,東高刑時報,JOURNAL-IY9LGB,1
東高刑,東高刑時報,JOURNAL-IY9LGB,1
東高時報,東高刑時報,JOURNAL-IY9LGB,1
東高判時報,東高刑時報,JOURNAL-IY9LGB,1
東京高等裁判所判決時報　民事,東高民時報,JOURNAL-1LEJQY,0
東京高等裁判所判決時報民事,東高民時報,JOURNAL-1LEJQY,0
東京高等裁判所民事判決時報,東高民時報,JOURNAL-1LEJQY,0
東京高等裁判所（民事）判決時報,東高民時報,JOURNAL-1LEJQY,0
東高民,東高民時報,JOURNAL-1LEJQY,1
東高民時報,東高民時報,JOURNAL-1LEJQY,1
比較法研究,比較,JOURNAL-16S3VG,0
比較,比較,JOURNAL-16S3VG,1
民事主要判例解説,民主解,JOURNAL-L6F1S5,0
民主解,民主解,JOURNAL-L6F1S5,1
民事月報,民月,JOURNAL-5WABUU,0
民月,民月,JOURNAL-5WABUU,1
民事法情報,民情,JOURNAL-697U5Z,0
民情,民情,JOURNAL-697U5Z,1
民事裁判資料,民資,JOURNAL-BN98HI,0
民資,民資,JOURNAL-BN98HI,1
民事訴訟雑誌,民訴雑誌,JOURNAL-FHTWWN,0
民訴,民訴雑誌,JOURNAL-FHTWWN,1
民訴雑誌,民訴雑誌,JOURNAL-FHTWWN,1
民商法雑誌,民商,JOURNAL-TUYFP1,0
民商,民商,JOURNAL-TUYFP1,1
法とコンピュータ,法コン,JOURNAL-EY4MRY,0
法コン,法コン,JOURNAL-EY4MRY,1
法と民主主義,法民,JOURNAL-6B07PR,0
法民,法民,JOURNAL-6B07PR,1
法と精神医療,法精,JOURNAL-8CYLLP,0
法精,法精,JOURNAL-8CYLLP,1
法の科学,法科,JOURNAL-XVYBN3,0
法科,法科,JOURNAL-XVYBN3,1
法令解説資料総覧,法資,JOURNAL-610OZ9,0
法資,法資,JOURNAL-610OZ9,1
法制史研究,法史,JOURNAL-V8B09M,0
法史,法史,JOURNAL-V8B09M,1
法哲学年報,法哲,JOURNAL-SC617J,0
法哲,法哲,JOURNAL-SC617J,1
法学（東北帝国大学法学会）,法学,JOURNAL-VLKH0Z,0
法学,法学,JOURNAL-VLKH0Z,1
法学セミナー,法セ,JOURNAL-QLGKCQ,0
法セ,法セ,JOURNAL-QLGKCQ,1
法セミ,法セ,JOURNAL-QLGKCQ,1
法学教室,法教,JOURNAL-GY8KG1,0
法教,法教,JOURNAL-GY8KG1,1
法学新報,法学新報,JOURNAL-YOQQPA,0
法律のひろば,ひろば,JOURNAL-UIA5G2,0
ひろば,ひろば,JOURNAL-UIA5G2,1
法律評論,評論,JOURNAL-4XYTPU,0
法律学説判例評論全集,評論,JOURNAL-4XYTPU,0
評論,評論,JOURNAL-4XYTPU,1
評論全集,評論,JOURNAL-4XYTPU,1
法律評論全集,評論,JOURNAL-4XYTPU,1
法律新報,法律新報,JOURNAL-4C0L2K,0
法律新聞,新聞,JOURNAL-8VVOCJ,0
新聞,新聞,JOURNAL-8VVOCJ,1
法律時報,法時,JOURNAL-QBUNCN,0
法時,法時,JOURNAL-QBUNCN,1
法曹,法曹,JOURNAL-GDNOST,0
法曹時報,曹時,JOURNAL-0FBBCV,0
曹時,曹時,JOURNAL-0FBBCV,1
法曹新聞,法曹新聞,JOURNAL-B62071,0
法社会学,法社,JOURNAL-L0T7VQ,0
法社,法社,JOURNAL-L0T7VQ,1
海事法研究会誌,海事法研究会誌,JOURNAL-6UWVJI,0
無体財産権関係民事・行政裁判例集,無体裁集,JOURNAL-0M4ZH5,0
無体集,無体裁集,JOURNAL-0M4ZH5,1
無体例集,無体裁集,JOURNAL-0M4ZH5,1
無体裁集,無体裁集,JOURNAL-0M4ZH5,1
特許と企業,特許と企業,JOURNAL-GAL6P0,0
特許研究,特研,JOURNAL-F3J56O,0
特研,特研,JOURNAL-F3J56O,1
特許管理,特許管理,JOURNAL-UQGJL4,0
特許管理別冊判例集,特許管理,JOURNAL-UQGJL4,0
特許,特許管理,JOURNAL-UQGJL4,1
犯罪と非行,犯非,JOURNAL-U86T27,0
犯非,犯非,JOURNAL-U86T27,1
現代刑事法,現刑,JOURNAL-56XXKW,0
現刑,現刑,JOURNAL-56XXKW,1
生命保険協会会報,生保,JOURNAL-OJGPVF,0
生保,生保,JOURNAL-OJGPVF,1
生保会報,生保,JOURNAL-OJGPVF,1
登記先例解説集,登記先例解説集,JOURNAL-BA1L3V,0
登記情報,登情,JOURNAL-VJJG7X,0
登情,登情,JOURNAL-VJJG7X,1
登記研究,登研,JOURNAL-Q301HJ,0
登研,登研,JOURNAL-Q301HJ,1
登記関係先例集,登記先例,JOURNAL-DLD88F,0
登記先例,登記先例,JOURNAL-DLD88F,1
直税国税課税判決要旨集,直税要集,JOURNAL-QXSG1F,0
直税要集,直税要集,JOURNAL-QXSG1F,1
知的財産権関係民事・行政裁判例集,知的裁集,JOURNAL-6HM498,0
知財集,知的裁集,JOURNAL-6HM498,1
知財例集,知的裁集,JOURNAL-6HM498,1
知的裁,知的裁集,JOURNAL-6HM498,1
知裁集,知的裁集,JOURNAL-6HM498,1
知的裁集,知的裁集,JOURNAL-6HM498,1
知財管理,知管,JOURNAL-8JCPIQ,0
知管,知管,JOURNAL-8JCPIQ,1
研修,研修,JOURNAL-MV370Z,0
社会保険審査会裁決集,社会保険審査会裁決集,JOURNAL-8GTQQJ,0
社会保障法,社保,JOURNAL-I82JCS,0
社保,社保,JOURNAL-I82JCS,1
私法,私法,JOURNAL-XTYIX1,0
私法判例リマークス,リマークス,JOURNAL-A53K4M,0
リマークス,リマークス,JOURNAL-A53K4M,1
科学警察研究所報告,科警,JOURNAL-YCABOR,0
科警,科警,JOURNAL-YCABOR,1
租税法研究,租税,JOURNAL-D4ID7Z,0
租税,租税,JOURNAL-D4ID7Z,1
税務弘報,税弘,JOURNAL-MOSST0,0
税弘,税弘,JOURNAL-MOSST0,1
税務訴訟資料,税資,JOURNAL-JMMRS7,0
税資,税資,JOURNAL-JMMRS7,1
税訴資料,税資,JOURNAL-JMMRS7,1
税務訴訟,税資,JOURNAL-JMMRS7,1
税法学,税法,JOURNAL-6VV1UG,0
税法,税法,JOURNAL-6VV1UG,1
税理,税理,JOURNAL-HCNY1Z,0
立法と調査,立調,JOURNAL-J6U0PF,0
立調,立調,JOURNAL-J6U0PF,1
第一審刑事裁判例集,第1審刑集,JOURNAL-B2E6IF,0
第1審刑事裁判例集,第1審刑集,JOURNAL-B2E6IF,0
一審刑,第1審刑集,JOURNAL-B2E6IF,1
一審刑集,第1審刑集,JOURNAL-B2E6IF,1
第1審刑集,第1審刑集,JOURNAL-B2E6IF,1
経済法,経済法,JOURNAL-VK43M3,0
罪と罰,罪罰,JOURNAL-T228VN,0
罪罰,罪罰,JOURNAL-T228VN,1
自治実務セミナー,自セ,JOURNAL-P2L2RX,0
自セ,自セ,JOURNAL-P2L2RX,1
自治研究,自研,JOURNAL-GZITYC,0
自研,自研,JOURNAL-GZITYC,1
自由と正義,自正,JOURNAL-8XENOF,0
自正,自正,JOURNAL-8XENOF,1
航空法務研究,空法,JOURNAL-E2SMDG,0
空法,空法,JOURNAL-E2SMDG,1
著作権に関する判例速報,著作権に関する判例速報,JOURNAL-ABR3NC,0
著作権研究,著研,JOURNAL-NMELGZ,0
著研,著研,JOURNAL-NMELGZ,1
行政事件裁判例集,行集,JOURNAL-HN0ZUC,0
行裁,行集,JOURNAL-HN0ZUC,1
行裁集,行集,JOURNAL-HN0ZUC,1
行裁例集,行集,JOURNAL-HN0ZUC,1
行集,行集,JOURNAL-HN0ZUC,1
行政裁判所判決録,行録,JOURNAL-A71I57,0
行録,行録,JOURNAL-A71I57,1
行政裁判月報,行月,JOURNAL-YA3EKE,0
行月,行月,JOURNAL-YA3EKE,1
行財政研究,行財政,JOURNAL-2Y5A6H,0
行財政,行財政,JOURNAL-2Y5A6H,1
被害者学研究,被害,JOURNAL-HM6XK7,0
被害,被害,JOURNAL-HM6XK7,1
裁判所時報,裁時,JOURNAL-PY0JL8,0
裁時,裁時,JOURNAL-PY0JL8,1
国税不服審判所事例集,裁決事例集,JOURNAL-7HD5ED,0
裁決事例集,裁決事例集,JOURNAL-7HD5ED,1
事例集,裁決事例集,JOURNAL-7HD5ED,1
訟務月報,訟月,JOURNAL-NP8IGL,0
訟月,訟月,JOURNAL-NP8IGL,1
調研紀要,調研,JOURNAL-ME36NG,0
調研,調研,JOURNAL-ME36NG,1
警察学論集,警論,JOURNAL-9BRUKD,0
警論,警論,JOURNAL-9BRUKD,1
警察研究,警研,JOURNAL-73M0EZ,0
警研,警研,JOURNAL-73M0EZ,1
賃金と社会保障,賃社,JOURNAL-LELD6Q,0
賃社,賃社,JOURNAL-LELD6Q,1
資料版商事法務,資料版商事法務,JOURNAL-M0G385,0
資料版／商事法務,資料版商事法務,JOURNAL-M0G385,0
資料版商事,資料版商事法務,JOURNAL-M0G385,1
資料商事法務,資料版商事法務,JOURNAL-M0G385,1
農業法研究,農法,JOURNAL-TDW924,0
農法,農法,JOURNAL-TDW924,1
都市問題,都問,JOURNAL-J1B7VY,0
都問,都問,JOURNAL-J1B7VY,1
都市問題研究,都研,JOURNAL-16FZQR,0
都研,都研,JOURNAL-16FZQR,1
重要判例解説,重判解,JOURNAL-V73GGP,0
重判解,重判解,JOURNAL-V73GGP,1
金融・商事判例,金判,JOURNAL-AOQ071,0
金判,金判,JOURNAL-AOQ071,1
金商,金判,JOURNAL-AOQ071,1
金融判例研究,金融判研,JOURNAL-KLEGR9,0
金融判研,金融判研,JOURNAL-KLEGR9,1
金融法務事情,金法,JOURNAL-O39GDM,0
金法,金法,JOURNAL-O39GDM,1
金融法研究,金融法,JOURNAL-UEOQSP,0
金融法,金融法,JOURNAL-UEOQSP,1
銀行法務21,銀法,JOURNAL-62FNHZ,0
銀法,銀法,JOURNAL-62FNHZ,1
高等裁判所・地方裁判所・簡易裁判所民事裁判特報,高地簡特,JOURNAL-A5KMCA,0
高地簡特,高地簡特,JOURNAL-A5KMCA,1
高等裁判所刑事判例集,高刑集,JOURNAL-JJ55YC,0
高刑,高刑集,JOURNAL-JJ55YC,1
高刑集,高刑集,JOURNAL-JJ55YC,1
高判集,高刑集,JOURNAL-JJ55YC,1
高等裁判所刑事判決特報,高刑判特,JOURNAL-KEZEH0,0
高刑判特,高刑判特,JOURNAL-KEZEH0,1
高刑集判特,高刑判特,JOURNAL-KEZEH0,1
高刑判特報,高刑判特,JOURNAL-KEZEH0,1
高刑判決特報,高刑判特,JOURNAL-KEZEH0,1
高刑集判特報,高刑判特,JOURNAL-KEZEH0,1
判特,高刑判特,JOURNAL-KEZEH0,1
高判特報,高刑判特,JOURNAL-KEZEH0,1
高等裁判所刑事裁判特報,高刑裁特,JOURNAL-IPGF1P,0
高刑集裁判特報,高刑裁特,JOURNAL-IPGF1P,1
高刑裁特,高刑裁特,JOURNAL-IPGF1P,1
高刑裁判特報,高刑裁特,JOURNAL-IPGF1P,1
高刑集裁特,高刑裁特,JOURNAL-IPGF1P,1
高刑特,高刑裁特,JOURNAL-IPGF1P,1
裁特,高刑裁特,JOURNAL-IPGF1P,1
高等裁判所刑事判決速報集,高刑速報,JOURNAL-YI8GCC,0
高等裁判所刑事裁判速報集,高刑速報,JOURNAL-YI8GCC,0
高刑速,高刑速報,JOURNAL-YI8GCC,1
高刑速報集,高刑速報,JOURNAL-YI8GCC,1
高刑判速,高刑速報,JOURNAL-YI8GCC,1
高刑集判速,高刑速報,JOURNAL-YI8GCC,1
高刑集速報,高刑速報,JOURNAL-YI8GCC,1
高刑裁判速報,高刑速報,JOURNAL-YI8GCC,1
高刑速報,高刑速報,JOURNAL-YI8GCC,1
高検速報,高刑速報,JOURNAL-YI8GCC,1
高検速報集,高刑速報,JOURNAL-YI8GCC,1
高等裁判所民事判例集,高民集,JOURNAL-B5N40H,0
高民,高民集,JOURNAL-B5N40H,1
高民集,高民集,JOURNAL-B5N40H,1
先物取引判例集,先物取引裁判例集,JOURNAL-76R6R4,0
先物取引裁判例集,先物取引裁判例集,JOURNAL-76R6R4,0
消費者法ニュース,法ニュース,JOURNAL-66YAHD,0
法ニュース,法ニュース,JOURNAL-66YAHD,1
文研生命保険判例集,生判,JOURNAL-94N9AD,0
生命保険判例集,生判,JOURNAL-94N9AD,0
生判,生判,JOURNAL-94N9AD,1
自動車保険ジャーナル,自保ジ,JOURNAL-CYBOV7,0
自保ジャーナル,自保ジ,JOURNAL-CYBOV7,0
自保ジ,自保ジ,JOURNAL-CYBOV7,1
自保,自保ジ,JOURNAL-CYBOV7,1
自保ジャ,自保ジ,JOURNAL-CYBOV7,1
証券取引被害判例セレクト,証券取引被害判例セレクト,JOURNAL-Y5388N,0
供託関係先例集,先例集,JOURNAL-I92S6T,0
先例集,先例集,JOURNAL-I92S6T,1
判例不正競業法,判不競,JOURNAL-50EWAC,0
判不競,判不競,JOURNAL-50EWAC,1
消費者のための欠陥住宅判例,欠陥住宅判例,JOURNAL-PTB1AJ,0
欠陥住宅判例,欠陥住宅判例,JOURNAL-PTB1AJ,1
論究ジュリスト,論ジュリ,JOURNAL-UD7WI1,0
論ジュリ,論ジュリ,JOURNAL-UD7WI1,1
法学協会雑誌,法協,JOURNAL-XKOUXM,0
法協,法協,JOURNAL-XKOUXM,1
法学論叢,論叢,JOURNAL-ALIOFS,0
論叢,論叢,JOURNAL-ALIOFS,1
速報判例解説（法学セミナー増刊）,速判解（法セ増刊）,JOURNAL-5GY13Y,0
速判解（法セ増刊）,速判解（法セ増刊）,JOURNAL-5GY13Y,1
新・判例解説Watch（法学セミナー増刊）,新判解Watch,JOURNAL-RUH442,0
新判解Watch,新判解Watch,JOURNAL-RUH442,1
速判解,新判解Watch,JOURNAL-RUH442,1
税務大学校論叢,税大論叢,JOURNAL-BV3R4M,0
税大論叢,税大論叢,JOURNAL-BV3R4M,1
刑事法ジャーナル,刑ジャ,JOURNAL-EAZAZ2,0
刑ジャ,刑ジャ,JOURNAL-EAZAZ2,1
Law&Technology,L&T,JOURNAL-XIE088,0
Law & Technology,L&T,JOURNAL-XIE088,0
L&T,L&T,JOURNAL-XIE088,1
判例民事法,判民,JOURNAL-PGZLZI,0
判民,判民,JOURNAL-PGZLZI,1
総合判例研究叢書,総判研,JOURNAL-MO6E6P,0
総判研,総判研,JOURNAL-MO6E6P,1
商事判例研究,商判研,JOURNAL-DP9076,0
商判研,商判研,JOURNAL-DP9076,1
京都大学商法研究会編『商事法判例研究』,商事法判例研究,JOURNAL-BR7SBI,0
商事法判例研究,商事法判例研究,JOURNAL-BR7SBI,1
現代民事判例研究会編『民事判例』,民事判例,JOURNAL-J0JRX6,0
民事判例,民事判例,JOURNAL-J0JRX6,1
判例コンメンタール,判コメ,JOURNAL-RVMSGE,0
判コメ,判コメ,JOURNAL-RVMSGE,1
生命保険経営,生経,JOURNAL-CL7K0E,0
生経,生経,JOURNAL-CL7K0E,1
保険事例研究会レポート,保険レポ,JOURNAL-M4QD9M,0
保険レポ,保険レポ,JOURNAL-M4QD9M,1
租税関係行政・民事判決集（徴収関係判決）,税資徴収関係判決,JOURNAL-F8FA42,0
租税関係行政・民事判決集,税資徴収関係判決,JOURNAL-F8FA42,0
税資徴収関係判決,税資徴収関係判決,JOURNAL-F8FA42,1
